{"cameraMode":{"drawMode":0,"name":"Shaded","section":"Shading Mode"},"sceneLighting":true,"audioPlay":false,"sceneViewState":{"showFog":true,"showMaterialUpdate":false,"showSkybox":true,"showFlares":true,"showImageEffects":true,"showParticleSystems":true},"in2DMode":false,"pivot":{"x":-3.8172926902770998,"y":-0.03100077249109745,"z":3.638951539993286},"rotation":{"x":-0.13851280510425569,"y":0.07945237308740616,"z":-0.013014687225222588,"w":-0.9874671697616577},"size":4.984442234039307,"orthographic":false}